<?xml version="1.0" encoding="UTF-8"?>
<metadata xmlns="http://www.demandware.com/xml/impex/metadata/2006-10-31">
    <type-extension type-id="Product">
        <custom-attribute-definitions>
            <attribute-definition attribute-id="mfrWarrantyLabor">
                <display-name xml:lang="x-default">Labor</display-name>
                <type>string</type>
                <localizable-flag>false</localizable-flag>
                <site-specific-flag>false</site-specific-flag>
                <mandatory-flag>false</mandatory-flag>
                <visible-flag>false</visible-flag>
                <externally-managed-flag>false</externally-managed-flag>
                <order-required-flag>false</order-required-flag>
                <externally-defined-flag>false</externally-defined-flag>
                <min-length>0</min-length>
            </attribute-definition>
            <attribute-definition attribute-id="mfrWarrantyParts">
                <display-name xml:lang="x-default">Parts</display-name>
                <type>string</type>
                <localizable-flag>false</localizable-flag>
                <site-specific-flag>false</site-specific-flag>
                <mandatory-flag>false</mandatory-flag>
                <visible-flag>false</visible-flag>
                <externally-managed-flag>false</externally-managed-flag>
                <order-required-flag>false</order-required-flag>
                <externally-defined-flag>false</externally-defined-flag>
                <min-length>0</min-length>
            </attribute-definition>
        </custom-attribute-definitions>
        <group-definitions>
            <attribute-group group-id="extendMfrWarranty">
                <display-name xml:lang="x-default">Extend Manufacturer Warranty</display-name>
                <attribute attribute-id="mfrWarrantyParts"/>
                <attribute attribute-id="mfrWarrantyLabor"/>
            </attribute-group>
        </group-definitions>
    </type-extension>
    <type-extension type-id="Order">
        <custom-attribute-definitions>
            <attribute-definition attribute-id="extendRefundStatus">
                <display-name xml:lang="x-default">Extend Refund Status</display-name>
                <type>enum-of-string</type>
                <mandatory-flag>false</mandatory-flag>
                <externally-managed-flag>false</externally-managed-flag>
                <value-definitions>
                    <value-definition>
                        <display xml:lang="x-default">Refund Success</display>
                        <value>SUCCESS</value>
                    </value-definition>
                    <value-definition>
                        <display xml:lang="x-default">Refund Reject</display>
                        <value>REJECT</value>
                    </value-definition>
                    <value-definition>
                        <display xml:lang="x-default">Refund Service Error</display>
                        <value>ERROR</value>
                    </value-definition>
                    <value-definition>
                        <display xml:lang="x-default">Refund Reject and Refund Service Error</display>
                        <value>REJECT_AND_ERROR</value>
                    </value-definition>
                </value-definitions>
            </attribute-definition>
        </custom-attribute-definitions>
        <group-definitions>
            <attribute-group group-id="extend">
                <display-name xml:lang="x-default">Extend</display-name>
                <attribute attribute-id="extendRefundStatus"/>
            </attribute-group>
        </group-definitions>
    </type-extension>
    <type-extension type-id="ProductLineItem">
        <custom-attribute-definitions>
            <attribute-definition attribute-id="parentLineItemUUID">
                <display-name xml:lang="x-default">Extend Parent LineItem UUID</display-name>
                <type>string</type>
                <mandatory-flag>false</mandatory-flag>
                <externally-managed-flag>false</externally-managed-flag>
                <min-length>0</min-length>
            </attribute-definition>
            <attribute-definition attribute-id="persistentUUID">
                <display-name xml:lang="x-default">Persistent UUID</display-name>
                <type>string</type>
                <mandatory-flag>false</mandatory-flag>
                <externally-managed-flag>false</externally-managed-flag>
                <min-length>0</min-length>
            </attribute-definition>
            <attribute-definition attribute-id="extendContractId">
                <display-name xml:lang="x-default">Extend Contract ID</display-name>
                <type>set-of-string</type>
                <mandatory-flag>false</mandatory-flag>
                <externally-managed-flag>true</externally-managed-flag>
                <min-length>0</min-length>
            </attribute-definition>
            <attribute-definition attribute-id="extendRefundStatuses">
                <display-name xml:lang="x-default">Extend Refund Statuses</display-name>
                <type>text</type>
                <mandatory-flag>false</mandatory-flag>
                <externally-managed-flag>false</externally-managed-flag>
            </attribute-definition>
        </custom-attribute-definitions>
        <group-definitions>
            <attribute-group group-id="Extend">
                <display-name xml:lang="x-default">Extend</display-name>
                <attribute attribute-id="extendContractId"/>
                <attribute attribute-id="extendRefundStatuses"/>
            </attribute-group>
        </group-definitions>
    </type-extension>
    <type-extension type-id="SitePreferences">
        <custom-attribute-definitions>
            <attribute-definition attribute-id="extendAccessToken">
                <display-name xml:lang="x-default">Access Token</display-name>
                <description xml:lang="x-default">Extend Access Token</description>
                <type>string</type>
                <mandatory-flag>false</mandatory-flag>
                <externally-managed-flag>false</externally-managed-flag>
                <min-length>0</min-length>
            </attribute-definition>
            <attribute-definition attribute-id="extendAPIVersion">
                <display-name xml:lang="x-default">Extend API Version</display-name>
                <type>enum-of-string</type>
                <mandatory-flag>false</mandatory-flag>
                <externally-managed-flag>false</externally-managed-flag>
                <value-definitions>
                    <value-definition default="true">
                        <display xml:lang="x-default">Default</display>
                        <value>default</value>
                    </value-definition>
                    <value-definition>
                        <display xml:lang="x-default">2019-08-01</display>
                        <value>2019-08-01</value>
                    </value-definition>
                    <value-definition>
                        <display xml:lang="x-default">2020-08-01</display>
                        <value>2020-08-01</value>
                    </value-definition>
                    <value-definition>
                        <display xml:lang="x-default">2021-01-01</display>
                        <value>2021-01-01</value>
                    </value-definition>
                    <value-definition>
                        <display xml:lang="x-default">2021-04-01</display>
                        <value>2021-04-01</value>
                    </value-definition>
                </value-definitions>
            </attribute-definition>
            <attribute-definition attribute-id="extendCartUpsellSwitch">
                <display-name xml:lang="x-default">Enable Up-sell in Cart</display-name>
                <type>boolean</type>
                <mandatory-flag>false</mandatory-flag>
                <externally-managed-flag>false</externally-managed-flag>
                <default-value>true</default-value>
            </attribute-definition>
            <attribute-definition attribute-id="extendGlobalSwitch">
                <display-name xml:lang="x-default">Enable Extend</display-name>
                <type>boolean</type>
                <mandatory-flag>false</mandatory-flag>
                <externally-managed-flag>false</externally-managed-flag>
                <default-value>true</default-value>
            </attribute-definition>
            <attribute-definition attribute-id="extendImageViewType">
                <display-name xml:lang="x-default">Image View Type</display-name>
                <type>string</type>
                <mandatory-flag>false</mandatory-flag>
                <externally-managed-flag>false</externally-managed-flag>
                <min-length>0</min-length>
                <default-value>large</default-value>
            </attribute-definition>
            <attribute-definition attribute-id="extendPDPSwitch">
                <display-name xml:lang="x-default">Enable in PDP</display-name>
                <type>boolean</type>
                <mandatory-flag>false</mandatory-flag>
                <externally-managed-flag>false</externally-managed-flag>
                <default-value>true</default-value>
            </attribute-definition>
            <attribute-definition attribute-id="extendPDPUpsellSwitch">
                <display-name xml:lang="x-default">Enable Up-sell in PDP</display-name>
                <type>boolean</type>
                <mandatory-flag>false</mandatory-flag>
                <externally-managed-flag>false</externally-managed-flag>
                <default-value>true</default-value>
            </attribute-definition>
            <attribute-definition attribute-id="extendSDK">
                <display-name xml:lang="x-default">Extend SDK</display-name>
                <description xml:lang="x-default">URL for the Javascript Extend SDK</description>
                <type>string</type>
                <mandatory-flag>true</mandatory-flag>
                <externally-managed-flag>false</externally-managed-flag>
                <min-length>0</min-length>
                <default-value>https://sdk.helloextend.com/extend-sdk-client/v1/extend-sdk-client.min.js</default-value>
            </attribute-definition>
            <attribute-definition attribute-id="extendStoreID">
                <display-name xml:lang="x-default">Store ID</display-name>
                <description xml:lang="x-default">Extend Store ID</description>
                <type>string</type>
                <mandatory-flag>false</mandatory-flag>
                <externally-managed-flag>false</externally-managed-flag>
                <min-length>0</min-length>
            </attribute-definition>
			<attribute-definition attribute-id="isExtendProductionMode">
                <display-name xml:lang="x-default">Use Extend In Production Mode</display-name>
                <type>boolean</type>
                <mandatory-flag>false</mandatory-flag>
                <externally-managed-flag>false</externally-managed-flag>
                <default-value>false</default-value>
            </attribute-definition>
        </custom-attribute-definitions>
        <group-definitions>
            <attribute-group group-id="Extend">
                <display-name xml:lang="x-default">Extend Configurations</display-name>
                <attribute attribute-id="extendAccessToken"/>
                <attribute attribute-id="extendStoreID"/>
                <attribute attribute-id="extendAPIVersion"/>
                <attribute attribute-id="extendImageViewType"/>
                <attribute attribute-id="extendSDK"/>
                <attribute attribute-id="extendGlobalSwitch"/>
                <attribute attribute-id="extendPDPSwitch"/>
                <attribute attribute-id="extendPDPUpsellSwitch"/>
                <attribute attribute-id="extendCartUpsellSwitch"/>
				<attribute attribute-id="isExtendProductionMode"/>
            </attribute-group>
        </group-definitions>
    </type-extension>
</metadata>
