<?xml version="1.0" encoding="UTF-8"?>
<metadata xmlns="http://www.demandware.com/xml/impex/metadata/2006-10-31">
    <custom-type type-id="ExtendContractsQueue">
        <display-name xml:lang="x-default">Extend Contracts Queue</display-name>
        <description xml:lang="x-default">Queue that holds Extend contract data for being processed by a job</description>
        <staging-mode>no-staging</staging-mode>
        <storage-scope>site</storage-scope>
        <retention-days>90</retention-days>
        <key-definition attribute-id="LIUUID">
            <display-name xml:lang="x-default">Line Item UUID</display-name>
            <type>string</type>
            <min-length>0</min-length>
        </key-definition>
        <attribute-definitions>
            <attribute-definition attribute-id="currency">
                <display-name xml:lang="x-default">Site Currency</display-name>
                <type>string</type>
                <localizable-flag>false</localizable-flag>
                <mandatory-flag>false</mandatory-flag>
                <externally-managed-flag>false</externally-managed-flag>
                <min-length>0</min-length>
            </attribute-definition>
            <attribute-definition attribute-id="customer">
                <display-name xml:lang="x-default">Order Customer</display-name>
                <type>string</type>
                <localizable-flag>false</localizable-flag>
                <mandatory-flag>false</mandatory-flag>
                <externally-managed-flag>false</externally-managed-flag>
                <min-length>0</min-length>
            </attribute-definition>
            <attribute-definition attribute-id="log">
                <display-name xml:lang="x-default">Log</display-name>
                <type>string</type>
                <localizable-flag>false</localizable-flag>
                <mandatory-flag>false</mandatory-flag>
                <externally-managed-flag>false</externally-managed-flag>
                <min-length>0</min-length>
            </attribute-definition>
            <attribute-definition attribute-id="orderNo">
                <display-name xml:lang="x-default">Order Number</display-name>
                <type>string</type>
                <localizable-flag>false</localizable-flag>
                <mandatory-flag>false</mandatory-flag>
                <externally-managed-flag>false</externally-managed-flag>
                <min-length>0</min-length>
            </attribute-definition>
            <attribute-definition attribute-id="orderTotal">
                <display-name xml:lang="x-default">Order Total</display-name>
                <type>double</type>
                <localizable-flag>false</localizable-flag>
                <mandatory-flag>false</mandatory-flag>
                <externally-managed-flag>false</externally-managed-flag>
            </attribute-definition>
            <attribute-definition attribute-id="plan">
                <display-name xml:lang="x-default">Extend Warranty Plan</display-name>
                <type>string</type>
                <localizable-flag>false</localizable-flag>
                <mandatory-flag>false</mandatory-flag>
                <externally-managed-flag>false</externally-managed-flag>
                <min-length>0</min-length>
            </attribute-definition>
            <attribute-definition attribute-id="product">
                <display-name xml:lang="x-default">SFCC Product</display-name>
                <type>string</type>
                <localizable-flag>false</localizable-flag>
                <mandatory-flag>false</mandatory-flag>
                <externally-managed-flag>false</externally-managed-flag>
                <min-length>0</min-length>
            </attribute-definition>
            <attribute-definition attribute-id="shippingAddress">
                <display-name xml:lang="x-default">Product Shipping Address</display-name>
                <type>string</type>
                <localizable-flag>false</localizable-flag>
                <mandatory-flag>false</mandatory-flag>
                <externally-managed-flag>false</externally-managed-flag>
                <min-length>0</min-length>
            </attribute-definition>
        </attribute-definitions>
        <group-definitions>
            <attribute-group group-id="contractData">
                <display-name xml:lang="x-default">Contract Data</display-name>
                <attribute attribute-id="currency"/>
                <attribute attribute-id="plan"/>
                <attribute attribute-id="product"/>
                <attribute attribute-id="lastModified" system="true"/>
                <attribute attribute-id="creationDate" system="true"/>
                <attribute attribute-id="customer"/>
                <attribute attribute-id="log"/>
                <attribute attribute-id="LIUUID"/>
                <attribute attribute-id="orderTotal"/>
                <attribute attribute-id="orderNo"/>
                <attribute attribute-id="shippingAddress"/>
            </attribute-group>
        </group-definitions>
    </custom-type>

</metadata>
