<?xml version="1.0" encoding="UTF-8"?>
<jobs xmlns="http://www.demandware.com/xml/impex/jobs/2015-07-01">
    <job job-id="Extend Contracts Creation" priority="0">
        <description/>
        <parameters/>
        <flow>
            <context site-id="RefArch"/>
            <step step-id="contractsCreation" type="ExecuteScriptModule" enforce-restart="false">
                <description/>
                <parameters>
                    <parameter name="ExecuteScriptModule.Module">int_extend_sfra/cartridge/scripts/jobs/contractsCreation.js</parameter>
                    <parameter name="ExecuteScriptModule.FunctionName">create</parameter>
                    <parameter name="ExecuteScriptModule.Transactional">false</parameter>
                </parameters>
            </step>
        </flow>
        <rules/>
        <triggers>
            <run-once enabled="false">
                <date>2019-12-04Z</date>
                <time>19:42:45.000Z</time>
            </run-once>
        </triggers>
    </job>

    <job job-id="Extend Export Products" priority="0">
        <description/>
        <parameters/>
        <flow>
            <context site-id="RefArch"/>
            <step step-id="exportProducts" type="ExecuteScriptModule" enforce-restart="false">
                <description/>
                <parameters>
                    <parameter name="ExecuteScriptModule.Module">int_extend_sfra/cartridge/scripts/jobs/productsExport.js</parameter>
                    <parameter name="ExecuteScriptModule.FunctionName">execute</parameter>
                    <parameter name="ExecuteScriptModule.Transactional">false</parameter>
                </parameters>
            </step>
        </flow>
        <rules/>
        <triggers>
            <run-once enabled="false">
                <date>2019-11-29Z</date>
                <time>14:27:42.000Z</time>
            </run-once>
        </triggers>
    </job>

    <job job-id="Create Refunds from SFCC" priority="0">
        <description/>
        <parameters/>
        <flow>
            <context site-id="RefArch"/>
            <step step-id="exportProducts" type="ExecuteScriptModule" enforce-restart="false">
                <description/>
                <parameters>
                    <parameter name="ExecuteScriptModule.Module">int_extend_sfra/cartridge/scripts/jobs/createRefunds.js</parameter>
                    <parameter name="ExecuteScriptModule.FunctionName">create</parameter>
                    <parameter name="ExecuteScriptModule.Transactional">false</parameter>
                </parameters>
            </step>
        </flow>
        <rules/>
        <triggers>
            <run-once enabled="false">
                <date>2019-11-29Z</date>
                <time>14:27:42.000Z</time>
            </run-once>
        </triggers>
    </job>
</jobs>
