<?xml version="1.0" encoding="UTF-8"?>
<jobs xmlns="http://www.demandware.com/xml/impex/jobs/2015-07-01">
    <job job-id="RebuildURLs" priority="0">
        <description/>
        <parameters/>
        <split sequential="false">
            <contexts template-ref="template_40">
                <context site-id="RefArch"/>
                <context site-id="RefArchGlobal"/>
            </contexts>
            <flow-template template-id="template_40">
                <step step-id="RebuildURLs" type="UpdateStorefrontURLs" enforce-restart="false">
                    <description/>
                    <parameters/>
                </step>
            </flow-template>
        </split>
        <rules/>
        <triggers>
            <run-once enabled="false">
                <date>2018-06-25Z</date>
                <time>05:38:35.000Z</time>
            </run-once>
        </triggers>
    </job>

    <job job-id="Reindex" priority="0">
        <description/>
        <parameters/>
        <split sequential="false">
            <contexts template-ref="template_45">
                <context site-id="RefArch"/>
                <context site-id="RefArchGlobal"/>
            </contexts>
            <flow-template template-id="template_45">
                <step step-id="Reindex" type="SearchReindex" enforce-restart="false">
                    <description/>
                    <parameters>
                        <parameter name="Product related search indexes">true</parameter>
                        <parameter name="Active data search index">true</parameter>
                        <parameter name="Content search index">true</parameter>
                        <parameter name="Indexer Type">Full Index Rebuild</parameter>
                    </parameters>
                </step>
            </flow-template>
        </split>
        <rules/>
        <triggers>
            <run-once enabled="false">
                <date>2018-06-25Z</date>
                <time>05:36:56.000Z</time>
            </run-once>
        </triggers>
    </job>

    <job job-id="Extend Contracts Creation" priority="0">
        <description/>
        <parameters/>
        <flow>
            <context site-id="RefArch"/>
            <step step-id="contractsCreationSFRA" type="ExecuteScriptModule" enforce-restart="false">
                <description/>
                <parameters>
                    <parameter name="ExecuteScriptModule.Module">int_extend_sfra/cartridge/scripts/jobs/contractsCreation.js</parameter>
                    <parameter name="ExecuteScriptModule.FunctionName">create</parameter>
                    <parameter name="ExecuteScriptModule.Transactional">false</parameter>
                </parameters>
                <rules>
                    <on-exit status="ERROR">
                        <stop-job/>
                    </on-exit>
                </rules>
            </step>
        </flow>
        <flow>
            <context site-id="SiteGenesis"/>
            <step step-id="contractsCreationSG" type="ExecuteScriptModule" enforce-restart="false">
                <description/>
                <parameters>
                    <parameter name="ExecuteScriptModule.Module">int_extend/cartridge/scripts/jobs/contractsCreation.js</parameter>
                    <parameter name="ExecuteScriptModule.FunctionName">create</parameter>
                    <parameter name="ExecuteScriptModule.Transactional">false</parameter>
                </parameters>
            </step>
        </flow>
        <rules>
            <on-running runtime-threshold="60m" enabled="false">
                <mark-job-as-hanging/>
            </on-running>
        </rules>
        <triggers>
            <run-once enabled="false">
                <date>2019-12-04Z</date>
                <time>19:42:45.000Z</time>
            </run-once>
        </triggers>
    </job>

    <job job-id="Extend Export Products" priority="0">
        <description/>
        <parameters/>
        <split sequential="false">
            <contexts template-ref="template_315">
                <context site-id="RefArch"/>
                <context site-id="SiteGenesis"/>
            </contexts>
            <flow-template template-id="template_315">
                <step step-id="exportProducts" type="ExecuteScriptModule" enforce-restart="false">
                    <description/>
                    <parameters>
                        <parameter name="ExecuteScriptModule.Module">int_extend_sfra/cartridge/scripts/jobs/productsExport.js</parameter>
                        <parameter name="ExecuteScriptModule.FunctionName">execute</parameter>
                        <parameter name="ExecuteScriptModule.Transactional">false</parameter>
                    </parameters>
                </step>
            </flow-template>
        </split>
        <rules/>
        <triggers>
            <run-once enabled="false">
                <date>2019-11-29Z</date>
                <time>14:27:42.000Z</time>
            </run-once>
        </triggers>
    </job>

    <job job-id="Create Refunds from SFCC" priority="0">
        <description/>
        <parameters/>
        <split sequential="false">
            <contexts template-ref="template_24">
                <context site-id="RefArch"/>
                <context site-id="SiteGenesis"/>
            </contexts>
            <flow-template template-id="template_24">
                <step step-id="exportProducts" type="ExecuteScriptModule" enforce-restart="false">
                    <description/>
                    <parameters>
                        <parameter name="ExecuteScriptModule.Module">int_extend_sfra/cartridge/scripts/jobs/createRefunds.js</parameter>
                        <parameter name="ExecuteScriptModule.FunctionName">create</parameter>
                        <parameter name="ExecuteScriptModule.Transactional">false</parameter>
                    </parameters>
                </step>
            </flow-template>
        </split>
        <rules>
            <on-running runtime-threshold="60m" enabled="false">
                <mark-job-as-hanging/>
            </on-running>
        </rules>
        <triggers>
            <run-once enabled="false">
                <date>2019-11-29Z</date>
                <time>14:27:42.000Z</time>
            </run-once>
        </triggers>
    </job>

    <job job-id="Send Historical Orders" priority="0">
        <description/>
        <parameters/>
        <flow>
            <context site-id="RefArch"/>
            <step step-id="sendHistoricalOrders" type="ExecuteScriptModule" enforce-restart="false">
                <description/>
                <parameters>
                    <parameter name="ExecuteScriptModule.Module">int_extend_sfra/cartridge/scripts/jobs/historicalOrders.js</parameter>
                    <parameter name="ExecuteScriptModule.FunctionName">execute</parameter>
                    <parameter name="ExecuteScriptModule.Transactional">false</parameter>
                </parameters>
            </step>
        </flow>
        <rules>
            <on-running runtime-threshold="60m" enabled="false">
                <mark-job-as-hanging/>
            </on-running>
        </rules>
        <triggers>
            <run-once enabled="false">
                <date>2021-12-21Z</date>
                <time>12:34:29.000Z</time>
            </run-once>
        </triggers>
    </job>

    <job job-id="Extend Orders Creation" priority="0">
        <description/>
        <parameters/>
        <flow>
            <context site-id="RefArch"/>
            <step step-id="extendOrdersCreationSFRA" type="ExecuteScriptModule" enforce-restart="false">
                <description/>
                <parameters>
                    <parameter name="ExecuteScriptModule.Module">int_extend_sfra/cartridge/scripts/jobs/extendOrdersCreation.js</parameter>
                    <parameter name="ExecuteScriptModule.FunctionName">execute</parameter>
                    <parameter name="ExecuteScriptModule.Transactional">false</parameter>
                </parameters>
                <rules>
                    <on-exit status="ERROR">
                        <stop-job/>
                    </on-exit>
                </rules>
            </step>
        </flow>
        <flow>
            <context site-id="SiteGenesis"/>
            <step step-id="extendOrdersCreationSG" type="ExecuteScriptModule" enforce-restart="false">
                <description/>
                <parameters>
                    <parameter name="ExecuteScriptModule.Module">int_extend/cartridge/scripts/jobs/extendOrdersCreation.js</parameter>
                    <parameter name="ExecuteScriptModule.FunctionName">execute</parameter>
                    <parameter name="ExecuteScriptModule.Transactional">false</parameter>
                </parameters>
            </step>
        </flow>
        <rules>
            <on-running runtime-threshold="60m" enabled="false">
                <mark-job-as-hanging/>
            </on-running>
        </rules>
        <triggers>
            <run-once enabled="false">
                <date>2022-05-10Z</date>
                <time>12:26:40.000Z</time>
            </run-once>
        </triggers>
    </job>

</jobs>
