<?xml version="1.0" encoding="UTF-8"?>
<services xmlns="http://www.demandware.com/xml/impex/services/2014-09-26">
    <service-credential service-credential-id="int_extend.http.Extend.credentials">
        <url>https://api-demo.helloextend.com/</url>
        <user-id/>
        <password/>
    </service-credential>

    <service-profile service-profile-id="int_extend.http.Extend.profile">
        <timeout-millis>20000</timeout-millis>
        <rate-limit-enabled>false</rate-limit-enabled>
        <rate-limit-calls>3</rate-limit-calls>
        <rate-limit-millis>1000</rate-limit-millis>
        <cb-enabled>false</cb-enabled>
        <cb-calls>10</cb-calls>
        <cb-millis>1000</cb-millis>
    </service-profile>

    <service service-id="int_extend.http.Extend">
        <service-type>HTTP</service-type>
        <enabled>true</enabled>
        <log-prefix>Extend</log-prefix>
        <comm-log-enabled>false</comm-log-enabled>
        <force-prd-enabled>true</force-prd-enabled>
        <mock-mode-enabled>false</mock-mode-enabled>
        <profile-id>int_extend.http.Extend.profile</profile-id>
        <credential-id>int_extend.http.Extend.credentials</credential-id>
    </service>

</services>
